class,nGT,AP50,AP50_small,AP50_medium,AP50_large
Car,0,0.000000,0.000000,0.000000,0.000000
Pedestrian,0,0.000000,0.000000,0.000000,0.000000
Cyclist,0,0.000000,0.000000,0.000000,0.000000
__weighted__,,0.000000,0.000000,0.000000,0.000000
